Model,mcq_accuracy,bleu,rouge1,rouge2,rougeL,meteor,bertscore_precision,bertscore_recall,bertscore_f1,avg_inference_time,total_inference_time,model_load_time
InternVL3.5-1B-LoRA-Finetuned,0.5674547983,0.0,0.5674547983,0.0,0.5674547983,0.0,0.5956189632,0.5756935477,0.5836683512,0.6634455145,954.0346498489,62.4465787411
Qwen3-VL-8B-LoRA-Finetuned_subCV,0.8018080668,0.1703409207,0.5767269356,0.0,0.5767269356,0.3375268681,0.7692382336,0.8639357686,0.8126411438,1.9193513619,2760.0272583961,172.5351212025
SmolVLM-Instruct-LoRA-Finetuned,0.3532684284,0.0,0.3439962911,0.0,0.3439962911,0.0,0.0,0.0,0.0,7.4918622034,10773.2978484631,185.96413517
