Model,mcq_accuracy,bleu,rouge1,rouge2,rougeL,meteor,bertscore_precision,bertscore_recall,bertscore_f1,avg_inference_time,total_inference_time,model_load_time
InternVL3.5-1B,0.5396383866,0.0,0.5674547983,0.0,0.5674547983,0.0,0.5956189632,0.5756935477,0.5836683512,0.6051389377,870.1897923946,40.3036632538
Qwen3-VL-8B-4bit,0.7920723227,0.1317072028,0.5957348169,0.0,0.5957348169,0.2677329624,0.7301256061,0.8024545908,0.7622568607,1.577411672,2268.3179843426,198.841701746
SpatialBot-3B,0.6307371349,0.0,0.6349095967,0.0,0.6349095967,0.0,0.615532577,0.5826990604,0.5969084501,2.7508918818,3955.7825260162,437.7679786682
